"country","region"
"Afghanistan","Asia & Pacific"
"Aland Islands","Europe"
"Albania","Europe"
"Algeria","Arab States"
"American Samoa","Asia & Pacific"
"Andorra","Europe"
"Angola","Africa"
"Anguilla","Latin America"
"Antarctica","Asia & Pacific"
"Antigua and Barbuda","Latin America"
"Argentina","Latin America"
"Armenia","Europe"
"Aruba","Latin America"
"Australia","Asia & Pacific"
"Austria","Europe"
"Azerbaijan","Asia & Pacific"
"Bahamas","Latin America"
"Bahrain","Arab States"
"Bangladesh","Asia & Pacific"
"Barbados","Latin America"
"Belarus","Europe"
"Belgium","Europe"
"Belize","Latin America"
"Benin","Africa"
"Bermuda","Latin America"
"Bhutan","Asia & Pacific"
"Bolivia","Latin America"
"Bosnia and Herzegovina","Europe"
"Botswana","Africa"
"Bouvet Island","Latin America"
"Brazil","Latin America"
"British Indian Ocean Territory","Asia & Pacific"
"Brunei Darussalam","Asia & Pacific"
"Bulgaria","Europe"
"Burkina Faso","Africa"
"Burundi","Africa"
"Cambodia","Asia & Pacific"
"Cameroon","Africa"
"Canada","North America"
"Cape Verde","Africa"
"Cayman Islands","Latin America"
"Central African Republic","Africa"
"Chad","Africa"
"Chile","Latin America"
"China","Asia & Pacific"
"Christmas Island","Asia & Pacific"
"Cocos (Keeling) Islands","Asia & Pacific"
"Colombia","Latin America"
"Comoros","Arab States"
"Congo","Africa"
"Congo, The Democratic Republic of the","Africa"
"Cook Islands","Asia & Pacific"
"Costa Rica","Latin America"
"CÃ´te D'Ivoire","Africa"
"Croatia","Europe"
"Cuba","Latin America"
"Cyprus","Europe"
"Czech Republic","Europe"
"Denmark","Europe"
"Djibouti","Arab States"
"Dominica","Latin America"
"Dominican Republic","Latin America"
"Ecuador","Latin America"
"Egypt","Middle East"
"El Salvador","Latin America"
"Equatorial Guinea","Africa"
"Eritrea","Africa"
"Estonia","Europe"
"Ethiopia","Africa"
"Falkland Islands (Malvinas)","Latin America"
"Faroe Islands","Europe"
"Fiji","Asia & Pacific"
"Finland","Europe"
"France","Europe"
"French Guiana","Latin America"
"French Polynesia","Asia & Pacific"
"French Southern Territories","Asia & Pacific"
"Gabon","Africa"
"Gambia","Africa"
"Georgia","Europe"
"Germany","Europe"
"Ghana","Africa"
"Gibraltar","Europe"
"Greece","Europe"
"Greenland","Europe"
"Grenada","Latin America"
"Guadeloupe","Latin America"
"Guam","Asia & Pacific"
"Guatemala","Latin America"
"Guernsey","Europe"
"Guinea","Africa"
"Guinea-Bissau","Africa"
"Guyana","Latin America"
"Haiti","Latin America"
"Heard Island and McDonald Islands","Asia & Pacific"
"Holy See (Vatican City State)","Europe"
"Honduras","Latin America"
"Hong Kong","Asia & Pacific"
"Hungary","Europe"
"Iceland","Europe"
"India","Asia & Pacific"
"Indonesia","Asia & Pacific"
""Iran"," Islamic Republic of"","Middle East"
"Iraq","Middle East"
"Ireland","Europe"
"Isle of Man","Europe"
"Israel","Europe"
"Italy","Europe"
"Jamaica","Latin America"
"Japan","Asia & Pacific"
"Jersey","Europe"
"Jordan","Middle East"
"Kazakhstan","Asia & Pacific"
"Kenya","Africa"
"Kiribati","Asia & Pacific"
"North Korea","Asia & Pacific"
"South Korea","Asia & Pacific"
"Kuwait","Middle East"
"Kyrgyzstan","Asia & Pacific"
"Lao","Asia & Pacific"
"Latvia","Europe"
"Lebanon","Middle East"
"Lesotho","Africa"
"Liberia","Africa"
"Libya","Middle East"
"Liechtenstein","Europe"
"Lithuania","Europe"
"Luxembourg","Europe"
"Macau","Asia & Pacific"
"Macedonia","Europe"
"Madagascar","Africa"
"Malawi","Africa"
"Malaysia","Asia & Pacific"
"Maldives","Asia & Pacific"
"Mali","Africa"
"Malta","Europe"
"Marshall Islands","Asia & Pacific"
"Martinique","Latin America"
"Mauritania","Arab States"
"Mauritius","Africa"
"Mayotte","Africa"
"Mexico","Latin America"
"Micronesia","Asia & Pacific"
"Moldova","Europe"
"Monaco","Europe"
"Mongolia","Asia & Pacific"
"Montenegro","Europe"
"Montserrat","Latin America"
"Morocco","Arab States"
"Mozambique","Africa"
"Myanmar","Asia & Pacific"
"Namibia","Africa"
"Nauru","Asia & Pacific"
"Nepal","Asia & Pacific"
"Netherlands","Europe"
"Netherlands Antilles","Latin America"
"New Caledonia","Asia & Pacific"
"New Zealand","Asia & Pacific"
"Nicaragua","Latin America"
"Niger","Africa"
"Nigeria","Africa"
"Niue","Asia & Pacific"
"Norfolk Island","Asia & Pacific"
"Northern Mariana Islands","Asia & Pacific"
"Norway","Europe"
"Oman","Middle East"
"Pakistan","Asia & Pacific"
"Palau","Asia & Pacific"
"Palestinian Territory","Arab States"
"Panama","Latin America"
"Papua New Guinea","Asia & Pacific"
"Paraguay","Latin America"
"Peru","Latin America"
"Philippines","Asia & Pacific"
"Pitcairn Islands","Asia & Pacific"
"Poland","Europe"
"Portugal","Europe"
"Puerto Rico","Latin America"
"Qatar","Middle East"
"Reunion","Asia & Pacific"
"Romania","Europe"
"Russian Federation","Europe"
"Rwanda","Africa"
"Saint Barthelemy","Latin America"
"Saint Helena","Africa"
"Saint Kitts and Nevis","Latin America"
"Saint Lucia","Latin America"
"Saint Martin","Latin America"
"Saint Pierre and Miquelon","North America"
"Saint Vincent and the Grenadines","Latin America"
"Samoa","Asia & Pacific"
"San Marino","Europe"
"Sao Tome and Principe","Africa"
"Saudi Arabia","Middle East"
"Senegal","Africa"
"Serbia","Europe"
"Seychelles","Africa"
"Sierra Leone","Africa"
"Singapore","Asia & Pacific"
"Slovakia","Europe"
"Slovenia","Europe"
"Solomon Islands","Asia & Pacific"
"Somalia","Arab States"
"South Africa","Africa"
"South Georgia and the South Sandwich Islands","Latin America"
"South Sudan","Africa"
"Spain","Europe"
"Sri Lanka","Asia & Pacific"
"Sudan","Arab States"
"Suriname","Latin America"
"Svalbard and Jan Mayen","Europe"
"Swaziland","Africa"
"Sweden","Europe"
"Switzerland","Europe"
"Syrian Arab Republic","Asia & Pacific"
"Taiwan","Asia & Pacific"
"Tajikistan","Asia & Pacific"
""Tanzania"," United Republic of"","Africa"
"Thailand","Asia & Pacific"
"Timor-Leste","Asia & Pacific"
"Togo","Africa"
"Tokelau","Asia & Pacific"
"Tonga","Asia & Pacific"
"Trinidad and Tobago","Latin America"
"Tunisia","Arab States"
"Turkey","Europe"
"Turkmenistan","Asia & Pacific"
"Turks and Caicos Islands","Latin America"
"Tuvalu","Asia & Pacific"
"Uganda","Africa"
"Ukraine","Europe"
"United Arab Emirates","Middle East"
"United Kingdom","Europe"
"United States","North America"
"United States Minor Outlying Islands","Asia & Pacific"
"Uruguay","Latin America"
"Uzbekistan","Asia & Pacific"
"Vanuatu","Asia & Pacific"
"Venezuela","Latin America"
"Vietnam","Asia & Pacific"
""Virgin Islands"," British"","Latin America"
""Virgin Islands"," U.S."","Latin America"
"Wallis and Futuna","Asia & Pacific"
"Western Sahara","Africa"
"Yemen","Middle East"
"Zambia","Africa"
"Zimbabwe","Africa"